Temperature (K),CRSS (kg/mm2)
288.639180,0.100866
374.349696,0.113224
475.823734,0.125661
573.358105,0.134100
