Temperature (K),CRSS (kg/mm2)
81.318638,1.100904
172.984258,0.975276
287.480049,0.686804
