Temperature (K),CRSS (kg/mm2)
80.767945,2.363477
171.827197,1.927170
286.240686,1.706405
