c_Mg (at%),Yield Stress (MPa)
0.023739,11.521295
0.494224,23.443615
1.072701,38.694441
2.066662,50.154098
3.096775,75.405295
4.098939,75.172849
