c_Mg (at%),Yield Stress (MPa)
0.029388,16.234080
0.497429,43.863206
1.064906,47.768742
2.070601,65.861646
3.100605,91.810924
4.095815,95.242657
